text,label
"Name: Riley Blaze
Experience: 8 years working as a Cyber espionage specialist at ShadowOps Ltd.
Skills: Quantum computing, Cyber espionage, Alien language translation
Education: Bachelor's degree in Magical Arts from Hogwarts School of Witchcraft and Wizardry
Achievements: Created the first AI-powered magic wand
Languages: Japanese, Elvish, Martian
Contact: riley.blaze@shadowops.net",fake
"Name: Casey Quantum
Experience: 11 years working as a Quantum computing specialist at Galactic Ventures
Skills: Quantum computing, Ninja star throwing, Brainwave hacking
Education: Bachelor's degree in Magical Arts from Hogwarts School of Witchcraft and Wizardry
Achievements: Successfully tamed a wild dragon
Languages: Japanese, Ancient Runes, Dragonese
Contact: casey.quantum@magicmail.com",fake
"Name: Jamie Starborn
Experience: 10 years working as a Brainwave hacking specialist at FutureTech Inc.
Skills: Cyber espionage, Time manipulation, Brainwave hacking
Education: PhD in Multiverse Engineering from Atlantis University
Achievements: Created the first AI-powered magic wand
Languages: Martian, Binary, English
Contact: jamie.starborn@galacticmail.com",fake
"Name: Riley Starborn
Experience: 10 years working as a Stealth algorithms specialist at FutureTech Inc.
Skills: Cyber espionage, Stealth algorithms, Teleportation
Education: Diploma in Dragon Handling from Mythical Academy
Achievements: Invented a device that stops time for 5 minutes
Languages: Elvish, Dragonese, Binary
Contact: riley.starborn@magicmail.com",fake
"Name: Riley Storm
Experience: 15 years working as a Time manipulation specialist at ShadowOps Ltd.
Skills: Time manipulation, Brainwave hacking, Fairy dust production
Education: PhD in Multiverse Engineering from Atlantis University
Achievements: Successfully tamed a wild dragon
Languages: C++, Japanese, Dragonese
Contact: riley.storm@shadowops.net",fake
"Name: Casey Night
Experience: 10 years working as a Time manipulation specialist at CyberNinjas LLC
Skills: Brainwave hacking, Time manipulation, Stealth algorithms
Education: Bachelor's degree in Magical Arts from Hogwarts School of Witchcraft and Wizardry
Achievements: Created the first AI-powered magic wand
Languages: Elvish, Martian, Japanese
Contact: casey.night@galacticmail.com",fake
"Name: Jamie Night
Experience: 13 years working as a Teleportation logistics specialist at DreamWorks Magic
Skills: Teleportation, Teleportation logistics, Brainwave hacking
Education: Bachelor's degree in Magical Arts from Hogwarts School of Witchcraft and Wizardry
Achievements: Successfully tamed a wild dragon
Languages: C++, Martian, Klingon
Contact: jamie.night@futuremail.com",fake
"Name: Alex Blaze
Experience: 9 years working as a Teleportation logistics specialist at Galactic Ventures
Skills: Stealth algorithms, Teleportation, Teleportation logistics
Education: Diploma in Dragon Handling from Mythical Academy
Achievements: Discovered a new dimension of reality
Languages: Dragonese, Elvish, Ancient Runes
Contact: alex.blaze@magicmail.com",fake
"Name: Jamie Shadow
Experience: 5 years working as a Alien language translation specialist at Galactic Ventures
Skills: Teleportation, Stealth algorithms, Alien language translation
Education: PhD in Multiverse Engineering from Atlantis University
Achievements: Invented a device that stops time for 5 minutes
Languages: Binary, Python, Ancient Runes
Contact: jamie.shadow@shadowops.net",fake
"Name: Riley Starborn
Experience: 8 years working as a Dragon taming specialist at DreamWorks Magic
Skills: Dragon taming, Teleportation logistics, Quantum computing
Education: Master’s in Cybernetic Wizardry from Cyberland University
Achievements: Created the first AI-powered magic wand
Languages: Python, Dragonese, English
Contact: riley.starborn@magicmail.com",fake
"Name: Jamie Night
Experience: 11 years working as a Dragon taming specialist at ShadowOps Ltd.
Skills: Teleportation, Dragon taming, Cyber espionage
Education: Bachelor's degree in Magical Arts from Hogwarts School of Witchcraft and Wizardry
Achievements: Awarded “Best Enchanter of the Year” for 7 consecutive years
Languages: Dragonese, Ancient Runes, Japanese
Contact: jamie.night@shadowops.net",fake
"Name: Casey Shadow
Experience: 11 years working as a Fairy dust production specialist at CyberNinjas LLC
Skills: Ninja star throwing, Teleportation, Fairy dust production
Education: Certified Assassin from The Secret Order of Shadows
Achievements: Completed 100+ covert missions globally
Languages: Binary, Klingon, Python
Contact: casey.shadow@shadowops.net",fake
"Name: Taylor Blaze
Experience: 9 years working as a Teleportation logistics specialist at Mythical Creatures Corp
Skills: Cloud sculpting, Brainwave hacking, Teleportation logistics
Education: Bachelor's degree in Magical Arts from Hogwarts School of Witchcraft and Wizardry
Achievements: Completed 100+ covert missions globally
Languages: English, Ancient Runes, Binary
Contact: taylor.blaze@dreamworks.net",fake
"Name: Skylar Phoenix
Experience: 12 years working as a Cyber espionage specialist at Mythical Creatures Corp
Skills: Cyber espionage, Stealth algorithms, Alien language translation
Education: Diploma in Dragon Handling from Mythical Academy
Achievements: Discovered a new dimension of reality
Languages: Binary, Elvish, C++
Contact: skylar.phoenix@magicmail.com",fake
"Name: Morgan Blaze
Experience: 15 years working as a Time manipulation specialist at Galactic Ventures
Skills: Time manipulation, Quantum computing, Stealth algorithms
Education: PhD in Multiverse Engineering from Atlantis University
Achievements: Invented a device that stops time for 5 minutes
Languages: Japanese, C++, Dragonese
Contact: morgan.blaze@dreamworks.net",fake
"Name: Jordan Moon
Experience: 12 years working as a Teleportation logistics specialist at FutureTech Inc.
Skills: Teleportation logistics, Teleportation, Ninja star throwing
Education: Diploma in Dragon Handling from Mythical Academy
Achievements: Completed 100+ covert missions globally
Languages: Ancient Runes, C++, Binary
Contact: jordan.moon@dreamworks.net",fake
"Name: Riley Night
Experience: 6 years working as a Cyber espionage specialist at ShadowOps Ltd.
Skills: Dragon taming, Alien language translation, Cyber espionage
Education: Master’s in Cybernetic Wizardry from Cyberland University
Achievements: Created the first AI-powered magic wand
Languages: Ancient Runes, Martian, Dragonese
Contact: riley.night@futuremail.com",fake
"Name: Morgan Blaze
Experience: 7 years working as a Quantum computing specialist at FutureTech Inc.
Skills: Stealth algorithms, Quantum computing, Time manipulation
Education: PhD in Multiverse Engineering from Atlantis University
Achievements: Successfully tamed a wild dragon
Languages: English, Japanese, Binary
Contact: morgan.blaze@galacticmail.com",fake
"Name: Riley Blaze
Experience: 10 years working as a Cyber espionage specialist at Galactic Ventures
Skills: Cyber espionage, Brainwave hacking, Stealth algorithms
Education: PhD in Multiverse Engineering from Atlantis University
Achievements: Successfully tamed a wild dragon
Languages: Klingon, C++, Elvish
Contact: riley.blaze@galacticmail.com",fake
"Name: Taylor Starborn
Experience: 5 years working as a Fairy dust production specialist at ShadowOps Ltd.
Skills: Brainwave hacking, Fairy dust production, Teleportation
Education: Diploma in Dragon Handling from Mythical Academy
Achievements: Discovered a new dimension of reality
Languages: Ancient Runes, Martian, English
Contact: taylor.starborn@magicmail.com",fake
"Name: Jordan Starborn
Experience: 13 years working as a Teleportation logistics specialist at CyberNinjas LLC
Skills: Teleportation logistics, Cloud sculpting, Alien language translation
Education: Certified Assassin from The Secret Order of Shadows
Achievements: Invented a device that stops time for 5 minutes
Languages: Martian, Dragonese, C++
Contact: jordan.starborn@futuremail.com",fake
"Name: Casey Blaze
Experience: 15 years working as a Teleportation logistics specialist at FutureTech Inc.
Skills: Teleportation logistics, Cyber espionage, Alien language translation
Education: Master’s in Cybernetic Wizardry from Cyberland University
Achievements: Awarded “Best Enchanter of the Year” for 7 consecutive years
Languages: English, Binary, Dragonese
Contact: casey.blaze@dreamworks.net",fake
"Name: Taylor Blaze
Experience: 7 years working as a Brainwave hacking specialist at CyberNinjas LLC
Skills: Alien language translation, Ninja star throwing, Brainwave hacking
Education: Master’s in Cybernetic Wizardry from Cyberland University
Achievements: Invented a device that stops time for 5 minutes
Languages: Japanese, C++, Dragonese
Contact: taylor.blaze@galacticmail.com",fake
"Name: Riley Shadow
Experience: 8 years working as a Dragon taming specialist at Mythical Creatures Corp
Skills: Ninja star throwing, Dragon taming, Time manipulation
Education: PhD in Multiverse Engineering from Atlantis University
Achievements: Awarded “Best Enchanter of the Year” for 7 consecutive years
Languages: Python, Ancient Runes, English
Contact: riley.shadow@dreamworks.net",fake
"Name: Jordan Phoenix
Experience: 15 years working as a Dragon taming specialist at ShadowOps Ltd.
Skills: Teleportation logistics, Dragon taming, Quantum computing
Education: PhD in Multiverse Engineering from Atlantis University
Achievements: Completed 100+ covert missions globally
Languages: Python, Dragonese, Klingon
Contact: jordan.phoenix@dreamworks.net",fake
"Name: Alex Shadow
Experience: 14 years working as a Stealth algorithms specialist at CyberNinjas LLC
Skills: Ninja star throwing, Stealth algorithms, Teleportation logistics
Education: PhD in Multiverse Engineering from Atlantis University
Achievements: Awarded “Best Enchanter of the Year” for 7 consecutive years
Languages: Ancient Runes, English, Japanese
Contact: alex.shadow@dreamworks.net",fake
"Name: Jordan Phoenix
Experience: 9 years working as a Ninja star throwing specialist at Mythical Creatures Corp
Skills: Quantum computing, Ninja star throwing, Fairy dust production
Education: Bachelor's degree in Magical Arts from Hogwarts School of Witchcraft and Wizardry
Achievements: Completed 100+ covert missions globally
Languages: Dragonese, English, Klingon
Contact: jordan.phoenix@shadowops.net",fake
"Name: Riley Blaze
Experience: 10 years working as a Fairy dust production specialist at Galactic Ventures
Skills: Ninja star throwing, Cloud sculpting, Fairy dust production
Education: Certified Assassin from The Secret Order of Shadows
Achievements: Successfully tamed a wild dragon
Languages: English, Martian, Binary
Contact: riley.blaze@galacticmail.com",fake
"Name: Taylor Quantum
Experience: 8 years working as a Cloud sculpting specialist at CyberNinjas LLC
Skills: Fairy dust production, Time manipulation, Cloud sculpting
Education: Bachelor's degree in Magical Arts from Hogwarts School of Witchcraft and Wizardry
Achievements: Awarded “Best Enchanter of the Year” for 7 consecutive years
Languages: Klingon, Martian, Japanese
Contact: taylor.quantum@galacticmail.com",fake
"Name: Taylor Blaze
Experience: 6 years working as a Fairy dust production specialist at DreamWorks Magic
Skills: Fairy dust production, Dragon taming, Quantum computing
Education: Certified Assassin from The Secret Order of Shadows
Achievements: Successfully tamed a wild dragon
Languages: Martian, Klingon, C++
Contact: taylor.blaze@futuremail.com",fake
"Name: Jordan Blaze
Experience: 8 years working as a Quantum computing specialist at Galactic Ventures
Skills: Quantum computing, Stealth algorithms, Cyber espionage
Education: Bachelor's degree in Magical Arts from Hogwarts School of Witchcraft and Wizardry
Achievements: Successfully tamed a wild dragon
Languages: Dragonese, Japanese, C++
Contact: jordan.blaze@shadowops.net",fake
"Name: Alex Moon
Experience: 13 years working as a Stealth algorithms specialist at FutureTech Inc.
Skills: Quantum computing, Teleportation logistics, Stealth algorithms
Education: PhD in Multiverse Engineering from Atlantis University
Achievements: Invented a device that stops time for 5 minutes
Languages: Martian, Klingon, English
Contact: alex.moon@futuremail.com",fake
"Name: Jordan Blaze
Experience: 5 years working as a Ninja star throwing specialist at Galactic Ventures
Skills: Quantum computing, Stealth algorithms, Ninja star throwing
Education: Master’s in Cybernetic Wizardry from Cyberland University
Achievements: Discovered a new dimension of reality
Languages: Binary, Martian, Dragonese
Contact: jordan.blaze@magicmail.com",fake
"Name: Morgan Blaze
Experience: 7 years working as a Stealth algorithms specialist at CyberNinjas LLC
Skills: Stealth algorithms, Fairy dust production, Teleportation logistics
Education: Diploma in Dragon Handling from Mythical Academy
Achievements: Invented a device that stops time for 5 minutes
Languages: Japanese, Python, Ancient Runes
Contact: morgan.blaze@dreamworks.net",fake
"Name: Morgan Phoenix
Experience: 14 years working as a Brainwave hacking specialist at CyberNinjas LLC
Skills: Brainwave hacking, Stealth algorithms, Alien language translation
Education: PhD in Multiverse Engineering from Atlantis University
Achievements: Invented a device that stops time for 5 minutes
Languages: Japanese, English, Elvish
Contact: morgan.phoenix@dreamworks.net",fake
"Name: Jamie Phoenix
Experience: 8 years working as a Stealth algorithms specialist at FutureTech Inc.
Skills: Brainwave hacking, Ninja star throwing, Stealth algorithms
Education: Master’s in Cybernetic Wizardry from Cyberland University
Achievements: Invented a device that stops time for 5 minutes
Languages: Ancient Runes, Binary, Elvish
Contact: jamie.phoenix@dreamworks.net",fake
"Name: Alex Storm
Experience: 7 years working as a Cyber espionage specialist at Galactic Ventures
Skills: Teleportation, Fairy dust production, Cyber espionage
Education: Certified Assassin from The Secret Order of Shadows
Achievements: Discovered a new dimension of reality
Languages: Japanese, Ancient Runes, Dragonese
Contact: alex.storm@magicmail.com",fake
"Name: Casey Starborn
Experience: 13 years working as a Alien language translation specialist at DreamWorks Magic
Skills: Alien language translation, Brainwave hacking, Cloud sculpting
Education: Master’s in Cybernetic Wizardry from Cyberland University
Achievements: Awarded “Best Enchanter of the Year” for 7 consecutive years
Languages: Martian, Klingon, Ancient Runes
Contact: casey.starborn@futuremail.com",fake
"Name: Jordan Shadow
Experience: 9 years working as a Teleportation logistics specialist at FutureTech Inc.
Skills: Brainwave hacking, Teleportation logistics, Fairy dust production
Education: Diploma in Dragon Handling from Mythical Academy
Achievements: Invented a device that stops time for 5 minutes
Languages: Dragonese, Japanese, Klingon
Contact: jordan.shadow@magicmail.com",fake
"Name: Jamie Blaze
Experience: 10 years working as a Alien language translation specialist at ShadowOps Ltd.
Skills: Stealth algorithms, Alien language translation, Brainwave hacking
Education: PhD in Multiverse Engineering from Atlantis University
Achievements: Successfully tamed a wild dragon
Languages: C++, Python, Japanese
Contact: jamie.blaze@futuremail.com",fake
"Name: Casey Night
Experience: 5 years working as a Alien language translation specialist at ShadowOps Ltd.
Skills: Dragon taming, Alien language translation, Quantum computing
Education: Diploma in Dragon Handling from Mythical Academy
Achievements: Discovered a new dimension of reality
Languages: Ancient Runes, Python, Binary
Contact: casey.night@galacticmail.com",fake
"Name: Morgan Night
Experience: 14 years working as a Cyber espionage specialist at Galactic Ventures
Skills: Cyber espionage, Teleportation, Fairy dust production
Education: PhD in Multiverse Engineering from Atlantis University
Achievements: Discovered a new dimension of reality
Languages: C++, English, Dragonese
Contact: morgan.night@galacticmail.com",fake
"Name: Alex Storm
Experience: 13 years working as a Quantum computing specialist at DreamWorks Magic
Skills: Stealth algorithms, Quantum computing, Cyber espionage
Education: Certified Assassin from The Secret Order of Shadows
Achievements: Discovered a new dimension of reality
Languages: Elvish, C++, Python
Contact: alex.storm@shadowops.net",fake
"Name: Jordan Moon
Experience: 6 years working as a Dragon taming specialist at ShadowOps Ltd.
Skills: Cyber espionage, Dragon taming, Teleportation
Education: Bachelor's degree in Magical Arts from Hogwarts School of Witchcraft and Wizardry
Achievements: Completed 100+ covert missions globally
Languages: Martian, Ancient Runes, Elvish
Contact: jordan.moon@galacticmail.com",fake
"Name: Casey Shadow
Experience: 12 years working as a Cyber espionage specialist at DreamWorks Magic
Skills: Dragon taming, Cloud sculpting, Cyber espionage
Education: Diploma in Dragon Handling from Mythical Academy
Achievements: Awarded “Best Enchanter of the Year” for 7 consecutive years
Languages: Elvish, Martian, Klingon
Contact: casey.shadow@galacticmail.com",fake
"Name: Skylar Quantum
Experience: 10 years working as a Cyber espionage specialist at ShadowOps Ltd.
Skills: Alien language translation, Cyber espionage, Fairy dust production
Education: Diploma in Dragon Handling from Mythical Academy
Achievements: Completed 100+ covert missions globally
Languages: English, Ancient Runes, Martian
Contact: skylar.quantum@galacticmail.com",fake
"Name: Jamie Night
Experience: 5 years working as a Ninja star throwing specialist at ShadowOps Ltd.
Skills: Ninja star throwing, Teleportation logistics, Cyber espionage
Education: Master’s in Cybernetic Wizardry from Cyberland University
Achievements: Invented a device that stops time for 5 minutes
Languages: C++, Elvish, Binary
Contact: jamie.night@galacticmail.com",fake
"Name: Taylor Phoenix
Experience: 15 years working as a Cyber espionage specialist at ShadowOps Ltd.
Skills: Dragon taming, Stealth algorithms, Cyber espionage
Education: PhD in Multiverse Engineering from Atlantis University
Achievements: Created the first AI-powered magic wand
Languages: C++, English, Japanese
Contact: taylor.phoenix@futuremail.com",fake
"Name: Jamie Quantum
Experience: 10 years working as a Cloud sculpting specialist at FutureTech Inc.
Skills: Time manipulation, Cloud sculpting, Stealth algorithms
Education: Bachelor's degree in Magical Arts from Hogwarts School of Witchcraft and Wizardry
Achievements: Created the first AI-powered magic wand
Languages: Dragonese, Binary, Japanese
Contact: jamie.quantum@dreamworks.net",fake
"Name: Morgan Blaze
Experience: 8 years working as a Cyber espionage specialist at ShadowOps Ltd.
Skills: Cyber espionage, Teleportation, Time manipulation
Education: Bachelor's degree in Magical Arts from Hogwarts School of Witchcraft and Wizardry
Achievements: Invented a device that stops time for 5 minutes
Languages: Dragonese, C++, Python
Contact: morgan.blaze@galacticmail.com",fake
"Name: Jamie Starborn
Experience: 14 years working as a Teleportation specialist at FutureTech Inc.
Skills: Teleportation, Dragon taming, Teleportation logistics
Education: PhD in Multiverse Engineering from Atlantis University
Achievements: Created the first AI-powered magic wand
Languages: Martian, Elvish, Binary
Contact: jamie.starborn@magicmail.com",fake
"Name: Skylar Night
Experience: 5 years working as a Cloud sculpting specialist at CyberNinjas LLC
Skills: Ninja star throwing, Alien language translation, Cloud sculpting
Education: Certified Assassin from The Secret Order of Shadows
Achievements: Created the first AI-powered magic wand
Languages: Ancient Runes, Binary, Dragonese
Contact: skylar.night@shadowops.net",fake
"Name: Jamie Starborn
Experience: 9 years working as a Quantum computing specialist at FutureTech Inc.
Skills: Quantum computing, Dragon taming, Fairy dust production
Education: Master’s in Cybernetic Wizardry from Cyberland University
Achievements: Invented a device that stops time for 5 minutes
Languages: English, Binary, Japanese
Contact: jamie.starborn@dreamworks.net",fake
"Name: Jordan Shadow
Experience: 7 years working as a Fairy dust production specialist at CyberNinjas LLC
Skills: Fairy dust production, Dragon taming, Alien language translation
Education: Diploma in Dragon Handling from Mythical Academy
Achievements: Awarded “Best Enchanter of the Year” for 7 consecutive years
Languages: Elvish, Dragonese, Martian
Contact: jordan.shadow@galacticmail.com",fake
"Name: Alex Blaze
Experience: 12 years working as a Teleportation specialist at CyberNinjas LLC
Skills: Teleportation, Time manipulation, Quantum computing
Education: Certified Assassin from The Secret Order of Shadows
Achievements: Successfully tamed a wild dragon
Languages: Ancient Runes, English, C++
Contact: alex.blaze@dreamworks.net",fake
"Name: Morgan Starborn
Experience: 9 years working as a Time manipulation specialist at Galactic Ventures
Skills: Ninja star throwing, Time manipulation, Teleportation logistics
Education: PhD in Multiverse Engineering from Atlantis University
Achievements: Discovered a new dimension of reality
Languages: Dragonese, C++, Klingon
Contact: morgan.starborn@galacticmail.com",fake
"Name: Skylar Blaze
Experience: 12 years working as a Teleportation logistics specialist at ShadowOps Ltd.
Skills: Quantum computing, Time manipulation, Teleportation logistics
Education: Diploma in Dragon Handling from Mythical Academy
Achievements: Awarded “Best Enchanter of the Year” for 7 consecutive years
Languages: Binary, Martian, Dragonese
Contact: skylar.blaze@futuremail.com",fake
"Name: Riley Shadow
Experience: 8 years working as a Teleportation specialist at Galactic Ventures
Skills: Time manipulation, Teleportation, Stealth algorithms
Education: Diploma in Dragon Handling from Mythical Academy
Achievements: Awarded “Best Enchanter of the Year” for 7 consecutive years
Languages: Ancient Runes, Elvish, Dragonese
Contact: riley.shadow@dreamworks.net",fake
"Name: Riley Starborn
Experience: 8 years working as a Quantum computing specialist at Galactic Ventures
Skills: Quantum computing, Alien language translation, Teleportation
Education: Bachelor's degree in Magical Arts from Hogwarts School of Witchcraft and Wizardry
Achievements: Discovered a new dimension of reality
Languages: Python, Dragonese, English
Contact: riley.starborn@shadowops.net",fake
"Name: Morgan Storm
Experience: 8 years working as a Cyber espionage specialist at Galactic Ventures
Skills: Cyber espionage, Ninja star throwing, Quantum computing
Education: Diploma in Dragon Handling from Mythical Academy
Achievements: Completed 100+ covert missions globally
Languages: Binary, Elvish, Dragonese
Contact: morgan.storm@magicmail.com",fake
"Name: Casey Night
Experience: 13 years working as a Cyber espionage specialist at CyberNinjas LLC
Skills: Cyber espionage, Cloud sculpting, Teleportation
Education: Diploma in Dragon Handling from Mythical Academy
Achievements: Awarded “Best Enchanter of the Year” for 7 consecutive years
Languages: English, Japanese, C++
Contact: casey.night@dreamworks.net",fake
"Name: Jordan Storm
Experience: 10 years working as a Ninja star throwing specialist at Galactic Ventures
Skills: Quantum computing, Teleportation logistics, Ninja star throwing
Education: Master’s in Cybernetic Wizardry from Cyberland University
Achievements: Awarded “Best Enchanter of the Year” for 7 consecutive years
Languages: Dragonese, English, Japanese
Contact: jordan.storm@shadowops.net",fake
"Name: Jordan Quantum
Experience: 7 years working as a Cyber espionage specialist at DreamWorks Magic
Skills: Brainwave hacking, Dragon taming, Cyber espionage
Education: Diploma in Dragon Handling from Mythical Academy
Achievements: Completed 100+ covert missions globally
Languages: English, C++, Ancient Runes
Contact: jordan.quantum@magicmail.com",fake
"Name: Riley Quantum
Experience: 14 years working as a Stealth algorithms specialist at Mythical Creatures Corp
Skills: Stealth algorithms, Dragon taming, Cyber espionage
Education: Diploma in Dragon Handling from Mythical Academy
Achievements: Invented a device that stops time for 5 minutes
Languages: Python, Klingon, C++
Contact: riley.quantum@magicmail.com",fake
"Name: Jamie Storm
Experience: 5 years working as a Ninja star throwing specialist at CyberNinjas LLC
Skills: Cyber espionage, Brainwave hacking, Ninja star throwing
Education: Certified Assassin from The Secret Order of Shadows
Achievements: Discovered a new dimension of reality
Languages: Elvish, C++, English
Contact: jamie.storm@shadowops.net",fake
"Name: Riley Moon
Experience: 7 years working as a Quantum computing specialist at Galactic Ventures
Skills: Stealth algorithms, Time manipulation, Quantum computing
Education: Master’s in Cybernetic Wizardry from Cyberland University
Achievements: Completed 100+ covert missions globally
Languages: English, Ancient Runes, Binary
Contact: riley.moon@magicmail.com",fake
"Name: Casey Quantum
Experience: 14 years working as a Brainwave hacking specialist at Galactic Ventures
Skills: Cloud sculpting, Brainwave hacking, Stealth algorithms
Education: PhD in Multiverse Engineering from Atlantis University
Achievements: Completed 100+ covert missions globally
Languages: Elvish, Klingon, Japanese
Contact: casey.quantum@futuremail.com",fake
"Name: Skylar Moon
Experience: 15 years working as a Teleportation logistics specialist at DreamWorks Magic
Skills: Teleportation, Time manipulation, Teleportation logistics
Education: PhD in Multiverse Engineering from Atlantis University
Achievements: Awarded “Best Enchanter of the Year” for 7 consecutive years
Languages: Binary, Martian, Ancient Runes
Contact: skylar.moon@galacticmail.com",fake
"Name: Alex Shadow
Experience: 5 years working as a Teleportation specialist at DreamWorks Magic
Skills: Cyber espionage, Teleportation logistics, Teleportation
Education: Certified Assassin from The Secret Order of Shadows
Achievements: Awarded “Best Enchanter of the Year” for 7 consecutive years
Languages: Klingon, Elvish, Ancient Runes
Contact: alex.shadow@shadowops.net",fake
"Name: Riley Phoenix
Experience: 10 years working as a Stealth algorithms specialist at Mythical Creatures Corp
Skills: Stealth algorithms, Time manipulation, Alien language translation
Education: Bachelor's degree in Magical Arts from Hogwarts School of Witchcraft and Wizardry
Achievements: Awarded “Best Enchanter of the Year” for 7 consecutive years
Languages: Japanese, Dragonese, Martian
Contact: riley.phoenix@galacticmail.com",fake
"Name: Casey Blaze
Experience: 10 years working as a Dragon taming specialist at FutureTech Inc.
Skills: Brainwave hacking, Cyber espionage, Dragon taming
Education: Certified Assassin from The Secret Order of Shadows
Achievements: Invented a device that stops time for 5 minutes
Languages: Martian, Elvish, Ancient Runes
Contact: casey.blaze@shadowops.net",fake
"Name: Alex Phoenix
Experience: 5 years working as a Ninja star throwing specialist at Mythical Creatures Corp
Skills: Ninja star throwing, Quantum computing, Dragon taming
Education: Certified Assassin from The Secret Order of Shadows
Achievements: Awarded “Best Enchanter of the Year” for 7 consecutive years
Languages: Python, Japanese, Klingon
Contact: alex.phoenix@futuremail.com",fake
"Name: Taylor Moon
Experience: 6 years working as a Time manipulation specialist at CyberNinjas LLC
Skills: Cloud sculpting, Quantum computing, Time manipulation
Education: PhD in Multiverse Engineering from Atlantis University
Achievements: Created the first AI-powered magic wand
Languages: English, Martian, Python
Contact: taylor.moon@magicmail.com",fake
"Name: Jamie Quantum
Experience: 7 years working as a Stealth algorithms specialist at Mythical Creatures Corp
Skills: Cloud sculpting, Stealth algorithms, Quantum computing
Education: Certified Assassin from The Secret Order of Shadows
Achievements: Successfully tamed a wild dragon
Languages: Japanese, Ancient Runes, English
Contact: jamie.quantum@dreamworks.net",fake
"Name: Morgan Night
Experience: 9 years working as a Cloud sculpting specialist at ShadowOps Ltd.
Skills: Cloud sculpting, Alien language translation, Teleportation logistics
Education: PhD in Multiverse Engineering from Atlantis University
Achievements: Completed 100+ covert missions globally
Languages: Martian, Klingon, Binary
Contact: morgan.night@futuremail.com",fake
"Name: Jordan Night
Experience: 13 years working as a Cyber espionage specialist at Galactic Ventures
Skills: Quantum computing, Time manipulation, Cyber espionage
Education: Certified Assassin from The Secret Order of Shadows
Achievements: Invented a device that stops time for 5 minutes
Languages: Klingon, Martian, English
Contact: jordan.night@magicmail.com",fake
"Name: Jordan Quantum
Experience: 9 years working as a Ninja star throwing specialist at Galactic Ventures
Skills: Ninja star throwing, Teleportation logistics, Cloud sculpting
Education: Bachelor's degree in Magical Arts from Hogwarts School of Witchcraft and Wizardry
Achievements: Successfully tamed a wild dragon
Languages: Binary, Martian, Klingon
Contact: jordan.quantum@shadowops.net",fake
"Name: Alex Storm
Experience: 9 years working as a Dragon taming specialist at ShadowOps Ltd.
Skills: Alien language translation, Dragon taming, Ninja star throwing
Education: PhD in Multiverse Engineering from Atlantis University
Achievements: Discovered a new dimension of reality
Languages: Ancient Runes, Elvish, Klingon
Contact: alex.storm@galacticmail.com",fake
"Name: Jordan Night
Experience: 15 years working as a Cloud sculpting specialist at CyberNinjas LLC
Skills: Cloud sculpting, Fairy dust production, Teleportation logistics
Education: Bachelor's degree in Magical Arts from Hogwarts School of Witchcraft and Wizardry
Achievements: Discovered a new dimension of reality
Languages: Python, Dragonese, Ancient Runes
Contact: jordan.night@galacticmail.com",fake
"Name: Jamie Starborn
Experience: 11 years working as a Cyber espionage specialist at Mythical Creatures Corp
Skills: Alien language translation, Time manipulation, Cyber espionage
Education: Diploma in Dragon Handling from Mythical Academy
Achievements: Awarded “Best Enchanter of the Year” for 7 consecutive years
Languages: Dragonese, Binary, Klingon
Contact: jamie.starborn@magicmail.com",fake
"Name: Casey Phoenix
Experience: 15 years working as a Alien language translation specialist at CyberNinjas LLC
Skills: Alien language translation, Teleportation, Time manipulation
Education: Certified Assassin from The Secret Order of Shadows
Achievements: Awarded “Best Enchanter of the Year” for 7 consecutive years
Languages: Python, Dragonese, Japanese
Contact: casey.phoenix@futuremail.com",fake
"Name: Jordan Moon
Experience: 14 years working as a Teleportation specialist at DreamWorks Magic
Skills: Ninja star throwing, Teleportation, Cloud sculpting
Education: Bachelor's degree in Magical Arts from Hogwarts School of Witchcraft and Wizardry
Achievements: Successfully tamed a wild dragon
Languages: English, Ancient Runes, Elvish
Contact: jordan.moon@dreamworks.net",fake
"Name: Riley Shadow
Experience: 7 years working as a Cloud sculpting specialist at FutureTech Inc.
Skills: Teleportation logistics, Cloud sculpting, Quantum computing
Education: Certified Assassin from The Secret Order of Shadows
Achievements: Invented a device that stops time for 5 minutes
Languages: Elvish, Dragonese, Martian
Contact: riley.shadow@shadowops.net",fake
"Name: Jamie Quantum
Experience: 10 years working as a Teleportation logistics specialist at Galactic Ventures
Skills: Fairy dust production, Teleportation logistics, Cloud sculpting
Education: PhD in Multiverse Engineering from Atlantis University
Achievements: Created the first AI-powered magic wand
Languages: C++, Martian, Ancient Runes
Contact: jamie.quantum@futuremail.com",fake
"Name: Morgan Shadow
Experience: 8 years working as a Dragon taming specialist at ShadowOps Ltd.
Skills: Dragon taming, Alien language translation, Time manipulation
Education: Master’s in Cybernetic Wizardry from Cyberland University
Achievements: Discovered a new dimension of reality
Languages: Martian, Python, Dragonese
Contact: morgan.shadow@dreamworks.net",fake
"Name: Alex Starborn
Experience: 10 years working as a Teleportation logistics specialist at CyberNinjas LLC
Skills: Alien language translation, Ninja star throwing, Teleportation logistics
Education: Diploma in Dragon Handling from Mythical Academy
Achievements: Invented a device that stops time for 5 minutes
Languages: Martian, Binary, English
Contact: alex.starborn@futuremail.com",fake
"Name: Casey Moon
Experience: 11 years working as a Teleportation logistics specialist at Mythical Creatures Corp
Skills: Quantum computing, Teleportation logistics, Fairy dust production
Education: Diploma in Dragon Handling from Mythical Academy
Achievements: Awarded “Best Enchanter of the Year” for 7 consecutive years
Languages: Martian, Python, English
Contact: casey.moon@futuremail.com",fake
"Name: Casey Phoenix
Experience: 7 years working as a Quantum computing specialist at ShadowOps Ltd.
Skills: Teleportation logistics, Quantum computing, Teleportation
Education: Master’s in Cybernetic Wizardry from Cyberland University
Achievements: Invented a device that stops time for 5 minutes
Languages: Ancient Runes, English, Elvish
Contact: casey.phoenix@shadowops.net",fake
"Name: Casey Shadow
Experience: 6 years working as a Fairy dust production specialist at DreamWorks Magic
Skills: Dragon taming, Fairy dust production, Teleportation logistics
Education: Certified Assassin from The Secret Order of Shadows
Achievements: Completed 100+ covert missions globally
Languages: C++, Python, English
Contact: casey.shadow@galacticmail.com",fake
"Name: Casey Blaze
Experience: 14 years working as a Cyber espionage specialist at Galactic Ventures
Skills: Teleportation, Cloud sculpting, Cyber espionage
Education: Master’s in Cybernetic Wizardry from Cyberland University
Achievements: Created the first AI-powered magic wand
Languages: Elvish, Dragonese, Japanese
Contact: casey.blaze@magicmail.com",fake
"Name: Casey Blaze
Experience: 8 years working as a Stealth algorithms specialist at Mythical Creatures Corp
Skills: Stealth algorithms, Quantum computing, Brainwave hacking
Education: Master’s in Cybernetic Wizardry from Cyberland University
Achievements: Created the first AI-powered magic wand
Languages: Binary, Martian, Python
Contact: casey.blaze@galacticmail.com",fake
"Name: Skylar Quantum
Experience: 12 years working as a Brainwave hacking specialist at Galactic Ventures
Skills: Cloud sculpting, Brainwave hacking, Time manipulation
Education: Certified Assassin from The Secret Order of Shadows
Achievements: Awarded “Best Enchanter of the Year” for 7 consecutive years
Languages: English, Japanese, C++
Contact: skylar.quantum@shadowops.net",fake
"Name: Jordan Storm
Experience: 8 years working as a Brainwave hacking specialist at DreamWorks Magic
Skills: Teleportation, Quantum computing, Brainwave hacking
Education: Master’s in Cybernetic Wizardry from Cyberland University
Achievements: Awarded “Best Enchanter of the Year” for 7 consecutive years
Languages: Martian, Elvish, Dragonese
Contact: jordan.storm@magicmail.com",fake
"Name: Morgan Moon
Experience: 11 years working as a Stealth algorithms specialist at DreamWorks Magic
Skills: Stealth algorithms, Brainwave hacking, Fairy dust production
Education: Diploma in Dragon Handling from Mythical Academy
Achievements: Created the first AI-powered magic wand
Languages: Python, Elvish, Klingon
Contact: morgan.moon@galacticmail.com",fake
"Name: Casey Quantum
Experience: 8 years working as a Brainwave hacking specialist at DreamWorks Magic
Skills: Time manipulation, Alien language translation, Brainwave hacking
Education: Certified Assassin from The Secret Order of Shadows
Achievements: Discovered a new dimension of reality
Languages: Binary, C++, Klingon
Contact: casey.quantum@futuremail.com",fake
"Name: Riley Quantum
Experience: 6 years working as a Cloud sculpting specialist at ShadowOps Ltd.
Skills: Time manipulation, Cloud sculpting, Alien language translation
Education: Certified Assassin from The Secret Order of Shadows
Achievements: Invented a device that stops time for 5 minutes
Languages: Binary, Japanese, Elvish
Contact: riley.quantum@galacticmail.com",fake
"Name: Casey Moon
Experience: 11 years working as a Stealth algorithms specialist at FutureTech Inc.
Skills: Brainwave hacking, Ninja star throwing, Stealth algorithms
Education: Certified Assassin from The Secret Order of Shadows
Achievements: Completed 100+ covert missions globally
Languages: Dragonese, Ancient Runes, Klingon
Contact: casey.moon@dreamworks.net",fake
"Name: Jamie Starborn
Experience: 9 years working as a Dragon taming specialist at Galactic Ventures
Skills: Time manipulation, Dragon taming, Cyber espionage
Education: Certified Assassin from The Secret Order of Shadows
Achievements: Discovered a new dimension of reality
Languages: Binary, Klingon, Martian
Contact: jamie.starborn@futuremail.com",fake
"Name: Taylor Blaze
Experience: 14 years working as a Time manipulation specialist at Galactic Ventures
Skills: Cloud sculpting, Time manipulation, Cyber espionage
Education: Diploma in Dragon Handling from Mythical Academy
Achievements: Awarded “Best Enchanter of the Year” for 7 consecutive years
Languages: Elvish, Dragonese, C++
Contact: taylor.blaze@magicmail.com",fake
"Name: Taylor Quantum
Experience: 6 years working as a Cyber espionage specialist at DreamWorks Magic
Skills: Cloud sculpting, Brainwave hacking, Cyber espionage
Education: PhD in Multiverse Engineering from Atlantis University
Achievements: Invented a device that stops time for 5 minutes
Languages: Elvish, Japanese, Martian
Contact: taylor.quantum@futuremail.com",fake
